OrganizationIdentifier,OrganizationFormalName,ProjectIdentifier,ProjectName,ProjectDescriptionText,SamplingDesignTypeCode,QAPPApprovedIndicator,QAPPApprovalAgencyName,ProjectFileUrl,ProjectMonitoringLocationWeightingUrl
21NC03WQ,North Carolina Department of Environmental Resources NCDENR-DWQ WQX,NCAMBNT,NC Ambient Monitoring System - MODERN,"The Ambient Monitoring System (AMS) is a network of stream, lake, and estuarine stations strategically located for the collection of physical and chemical monitoring data is collected to allow a comprehensive assessment of water quality criteria. This information, along with the biological and aquatic toxicology data collectted by other units of the Environmental Sciences Section, is used in development of Basinwide Water Quality.",,,,,
USACOEND,"US Army Corps of Engineers, Nashville District",RWQSP,USACE Nashville District Water Quality,USACE Nashville District Water Quality Program,,,,,
UTEMTN,Ute Mountain Utes Tribe (Colorado),UMU_106,Ute Mountain Ute Tribe''s Clean Water Act Section 106 Program,"Collection of water quality data for assessment of beneficial use and water quality standards attainment, background contaminant levels, and protection of public health and welfare",,,,,
SDDENR_WQX,DENR,AMBIENT,Ambient Surface Water Quality Monitoring,Ambient Surface Water Quality Monitoring,,,,,
42SRBCWQ_WQX,Susquehanna River Basin Commission,WP-AMP,Whitney Point Lake and Watershed Adaptive Management and Monitoring Plan,"Provide information to assess the chemical and biological condition of Whitney Point Lake and the surrounding watersheds and document changes in stream quality over various flow regimes. Backwater, instream and in-lake conditions will all be documented  using a combination of fish, macroinvertebrates, submerged aqautic vegetation, wetlands and physical habitat assessment and monitoring.  The overall goal is to assess the expected benefits from low flow release from the Whitney Point dam.",,,,,
MBMG_WQX,MBMG_WQX - Montana Bureau of Mines and Geology,MBMGSTIL,MBMG YELLOWSTONE ALLUVIAL STUDY IN STILLWATER COUNTY,Studying ground water in the Stillwater Valley.,,,,,
IASNAPST_WQX,Iowa Geological Survey (Iowa) Watershed Snapshots,CEDARRIV,Cedar River Watershed Snapshot,To document water quality in the Cedar River watershed,,,,,
MNPCA,Minnesota Pollution Control Agency - Ambient Surface Water,PRJ00293,MPCA Lake Monitoring Program Project,This is an inclusive project created to migrate data to modernized STORET from the 21MINNL Agency Code in Legacy STORET where project information was not stored on the sample or result level. Specific purposes for Legacy STORET data collection may be available in the station descriptions.,"Targeted - A targeted sample is where a ""sample"" of the subject matter, be that people, plants/animals etc is selected using certain criteria, i.e. pregnant mothers between the ages of 25-30. Targeted samples are usually used by businesses or companies carrying out surveys on a particular group of people.",,,,
MIDNITE_2,Midnite Mine Environmental Data,MM_PDDN,Midnite Mine Pre-Design Data Needs,"Water, sediment, soil and waste rock data collected for the Pre-Design Data Needs Investigation Work Plans",,,,,
R10BUNKER,EPA Region 10 Superfund Bunker Hill Mining and Metallurgical Complex,USGS 100,USGS CDA Sampling Locations,Water quality data collected by USGS at sample locations within the CDA basin - start date 1/1/2000,,,,https://www.waterqualitydata.us/data/providers/STORET/organizations/R10BUNKER/projects/USGS%20100/files,
R10BUNKER,EPA Region 10 Superfund Bunker Hill Mining and Metallurgical Complex,534276,USGS Snowmelt Surface Water Data,USGS Surface Water Data from 1999 Snowmelt Runoff approximate dates:  10/20/98 to 07/22/99,,,,https://www.waterqualitydata.us/data/providers/STORET/organizations/R10BUNKER/projects/534276/files,
MNPCA,Minnesota Pollution Control Agency - Ambient Surface Water,PRJ07793,St Louis River Stressor Identification,PRJ07793,"Targeted - A targeted sample is where a ""sample"" of the subject matter, be that people, plants/animals etc is selected using certain criteria, i.e. pregnant mothers between the ages of 25-30. Targeted samples are usually used by businesses or companies carrying out surveys on a particular group of people.",,,,
SPIRITLK,Spirit Lake Tribal EPA Programs,SL106,Spirit Lake 106,To protect the quality of water,,,,,
42SRBCWQ_WQX,Susquehanna River Basin Commission,ISWQN-11,Interstate Stream Water Quality Network 2011,"Monitor the chemical, physical, and biological health of stream crossing the NY/PA border and PA/MD border.",,,,,
MHA_NATN,"Three Affiliated Tribes: Mandan, Hidatsa, and Arikara Nation",WQSTUDY,General Water Quality Investigations,"*Old Project do not use anymore per EPA (2016)*
The purpose of this project is to investigate the quality of tribal water resources.",,,,,
SDDENR_WQX,DENR,UPCHEYE1,Upper Cheyenne River Watershed Assessment,Upper Cheyenne River Watershed Assessment,,,,,
42SRBCWQ_WQX,Susquehanna River Basin Commission,CSS1-12,Chemung Subbasin Survey Year 1 - 2012,"SRBC has been conducting water quality and biological surveys on selected streams within each major subbasin on a 6-year cycle, as part of the Commission's continuing program for assessment of water quality in the Susquehanna River Basin.",,,,,
42SRBCWQ_WQX,Susquehanna River Basin Commission,ISWQN-12,Interstate Stream Water Quality Network 2012,"Monitor the physical, chemical and biological health of streams that cross the Pennsylvania and Maryland border",,,,,
21NC03WQ,North Carolina Department of Environmental Resources NCDENR-DWQ WQX,NCRNDM,NC Random Ambient Monitoring System,The Random Ambient Monitoring System (RAMS) is a component of DWQ's Ambient Monitoring Network.  RAMS is a probabilistic monitoring initiative where sampling locations are randomly located on freshwater streams throughout the state.,,,,,
TDECWR_WQX,TDEC Division of Water Resources,TNPR0080,303(d),The 303(d) List is a compilation of the streams and lakes in Tennessee that are uwater quality limitedu or are expected to exceed water quality standards in the next two years and need additional pollution controls.   Water quality limited streams are those that have one or more properties that violate water quality standards.  They are considered impaired by pollution and not fully meeting designated uses.,,,,,
MNPCA_AGW,Minnesota Pollution Control Agency - Ambient Groundwater,PRJ07856,Perham Feedlot Site,Evaluation of groundwater best management practices,"Targeted - A targeted sample is where a ""sample"" of the subject matter, be that people, plants/animals etc is selected using certain criteria, i.e. pregnant mothers between the ages of 25-30. Targeted samples are usually used by businesses or companies carrying out surveys on a particular group of people.",,,,
MNPCA_AGW,Minnesota Pollution Control Agency - Ambient Groundwater,PRJ07855,Shoreview Pervious Pavement - Stormwater,Evaluation of groundwater best management practices,"Targeted - A targeted sample is where a ""sample"" of the subject matter, be that people, plants/animals etc is selected using certain criteria, i.e. pregnant mothers between the ages of 25-30. Targeted samples are usually used by businesses or companies carrying out surveys on a particular group of people.",,,,
MNPCA_AGW,Minnesota Pollution Control Agency - Ambient Groundwater,PRJ07229,Ambient Ground Water Monitoring,Ambient Ground Water Monitoring,"Targeted - A targeted sample is where a ""sample"" of the subject matter, be that people, plants/animals etc is selected using certain criteria, i.e. pregnant mothers between the ages of 25-30. Targeted samples are usually used by businesses or companies carrying out surveys on a particular group of people.",,,,
MNPCA_AGW,Minnesota Pollution Control Agency - Ambient Groundwater,PRJ00084,Ground Water Monitoring and Assessment Program,Ground Water Monitoring and Assessment Program,"Targeted - A targeted sample is where a ""sample"" of the subject matter, be that people, plants/animals etc is selected using certain criteria, i.e. pregnant mothers between the ages of 25-30. Targeted samples are usually used by businesses or companies carrying out surveys on a particular group of people.",,,,
TDECWR_WQX,TDEC Division of Water Resources,TNPR0019,Complaint,Sampling performed in response to citizen complaints.,,,,,
TDECWR_WQX,TDEC Division of Water Resources,TNPR0028,Surface Mining,Sampling performed by TDEC Division of Water Resource's Mining Section and permitees in response to regulated mining activity.,,,,,
MHA_NATN,"Three Affiliated Tribes: Mandan, Hidatsa, and Arikara Nation",USGS,USGS Data,Ambient monitoring of the six major watersheds on FBIR.,"Targeted - A targeted sample is where a ""sample"" of the subject matter, be that people, plants/animals etc is selected using certain criteria, i.e. pregnant mothers between the ages of 25-30. Targeted samples are usually used by businesses or companies carrying out surveys on a particular group of people.",Y,USEPA,,
MNPCA,Minnesota Pollution Control Agency - Ambient Surface Water,PRJ07918,Lake Superior South Watershed Stressor Identification,PRJ07918,"Targeted - A targeted sample is where a ""sample"" of the subject matter, be that people, plants/animals etc is selected using certain criteria, i.e. pregnant mothers between the ages of 25-30. Targeted samples are usually used by businesses or companies carrying out surveys on a particular group of people.",,,,
MNPCA_AGW,Minnesota Pollution Control Agency - Ambient Groundwater,PRJ07082,Sentinel Lakes Monitoring Project,Condition monitoring of 24 lakes in partnership with DNR.  5/15/08:  Project Manager changed from Steve Heiskary to Pam Anderson.,"Targeted - A targeted sample is where a ""sample"" of the subject matter, be that people, plants/animals etc is selected using certain criteria, i.e. pregnant mothers between the ages of 25-30. Targeted samples are usually used by businesses or companies carrying out surveys on a particular group of people.",,,,
MONT_PPL_WQX,MONT_PPL_WQX - Montana PPL Corporation,PPL-COLSTRIP,PPL Montana Colstrip Coal-fired Electricity Generation Monitoring,This project contains the Colstrip coal-fired electricity generating station monitoring results conducted by PPL Montana.,,Y,Other Agency,,
PUEBLOISLETA,"Pueblo of Isleta, New Mexico",RIO GRANDE,RIO GRANDE,PUEBLO OF ISLETA CWA 106,,,,,
MBMG_WQX,MBMG_WQX - Montana Bureau of Mines and Geology,BELT-AMD,Belt Creek Acid Mine Discharge-Recharge Area Identification Monitoring,"This project is designed to evaluate the hydrogeologic conditions near Belt, Montana; with particular focus on areas which may recharge groundwater to the Anaconda Mine workings, thus creating acid mine drainage and degrading the water quality in and around Belt Creek.",,Y,Montana DEQ,https://www.waterqualitydata.us/data/providers/STORET/organizations/MBMG_WQX/projects/BELT-AMD/files,
FRESHWATER_INSTITUTE,The Conservation Fund Freshwater Institute,4470,Sacharuna Springs,Water Quality monitoring,,,,,
CALWR_WQX,California Department Of Water Resources,1004,SWP Data,Not Specified,,,,,
CALWR_WQX,California Department Of Water Resources,1116,Stockton Morada Lane Storm Basin,Not Specified,,,,,
CALWR_WQX,California Department Of Water Resources,2,Not Specified,Not Specified,,,,,
CALWR_WQX,California Department Of Water Resources,27,Not Specified,Not Specified,,,,,
ARSG,Animas River Stakeholders Group (Colorado),ARSGDATA,ARSG Data,This data collection was started to help characterize the Animas River Watershed.  The data in this collection is from many agencies and entities.  The data is used by the Animas River Stakeholders Group to monitor water quality in the watershed.,,,,,
42SRBCWQ_WQX,Susquehanna River Basin Commission,USSS1-13,Upper Susquehanna Subbasin Survey Year 1:  2013,"Monitor physical, chemical, biological stream health in the Upper Susquehanna River basin.  This study is conducted on a 6-year rotating basis.  Both long term and probalistic sites were sampled.",,,,,
42SRBCWQ_WQX,Susquehanna River Basin Commission,CUSS2-1314,Chemung and Upper Subbasin Survey Year 2,"Monitor the physical, chemical and biological health of select watersheds in Broome, Tioga, and Chemung Counties, NY.  The purpose was to establish baseline data before unconventional natural gas drilling.",,,,,
42SRBCWQ_WQX,Susquehanna River Basin Commission,ISWQN-13,Interstate Stream Water Quality Network 2013,"Monitor the physical, chemical and biological health of streams that cross the Pennsylvania and Maryland border",,,,,
42SRBCWQ_WQX,Susquehanna River Basin Commission,RIV-14,2014 Large River Assessment,"Monitor physical, chemical, and biological health of the large rivers in the Susquehanna River basin on an annual basis.",,,,,
42SRBCWQ_WQX,Susquehanna River Basin Commission,MSSS1-14,Middle Susquehanna Subbasin Survey Year-1 - 2014,"Chemical, physical, and biological monitoring of streams in the middle subbasin of the Susquehanna River basin.  Monitoring is conducted on a rotating basis.",,,,,
CALWR_WQX,California Department Of Water Resources,1192,L&S,Not Specified,,,,,
MNPCA_AGW,Minnesota Pollution Control Agency - Ambient Groundwater,PRJ04248,Bailey Lake Stormwater Infiltration Monitoring,PRJ04248,"Targeted - A targeted sample is where a ""sample"" of the subject matter, be that people, plants/animals etc is selected using certain criteria, i.e. pregnant mothers between the ages of 25-30. Targeted samples are usually used by businesses or companies carrying out surveys on a particular group of people.",,,,
SANDIAWQ_WQX,Pueblo of Sandia Water Quality Program (New Mexico),EPA PROJECTS FY2018,EPA PROJECTS FY2018,All EPA funded projects through CWA Sec. 106,"Targeted - A targeted sample is where a ""sample"" of the subject matter, be that people, plants/animals etc is selected using certain criteria, i.e. pregnant mothers between the ages of 25-30. Targeted samples are usually used by businesses or companies carrying out surveys on a particular group of people.",N,USEPA,,
CTUIR_WQX,Confederated Tribes of the Umatilla Indian Reservation,7,Water Chemistry Monitoring Program,CTUIR Water Resources Program,,,,,
11NPSWRD_WQX,National Park Service Water Resources Division,ARCH0008,Surveys of Springs in the Colorado River Drainage - 2004-1,"The purpose of this report was to present the results of a study of the chemical characteristics of ground-water discharge along the Colorado River drainage in Arches National Park, Canyonlands National Park, Glen Canyon National Recreation Area, and Grand Canyon National Park. The specific objectives of this study were to determine baseline water quality and vegetative communities surrounding the springs.",,N,,,
11NPSWRD_WQX,National Park Service Water Resources Division,AZRU_L1,Aztec Ruins N.M. Level I Water Quality Inventory,"The Level 1 Water-Quality Inventory is part of a nationwide program supported by the National Park Service (NPS) Water Resources Division with the objective of developing baseline water-quality information for key water bodies at NPS units throughout the United States. This information is used to describe the current chemistry and quality of the waters and provide baseline information to monitor future trends. Key water bodies for Level 1 purposes are defined as those waters that are essential to the central cultural, historical, or natural resource management themes of the unit and (or) that provide habitats for threatened or endangered plants and animals. In 2004, the U.S. Geological Survey (USGS), in cooperation with the NPS, began studies of 13 NPS units within the Southern Colorado Plateau Inventory and Monitoring Network.

Note: None of these data appear in the USGS NWIS database as of 9/10/2009.",,Y,Unspecified,,
11NPSWRD_WQX,National Park Service Water Resources Division,GUMO0014,Texas Water Development Board (TWDB) Database,"The purpose of the Texas Water Development Board's (TWDB) data collection efforts has been to gain representative information about aquifers in the state in order to support water planning from the local to a more regional perspective. The TWDB Groundwater Database (GWDB) represents many years of collection efforts. As of March, 2013, it contained information for nearly 140,000 sites and includes data on water wells, springs, oil/gas tests (that were originally intended to be or were converted to water wells), water levels, and water quality. The wells in the database represent less than 10 percent of the wells that actually exist in Texas. Data presented here include springs and wells. Additional data for other National Parks in Texas can be found in the database.",,N,,https://www.waterqualitydata.us/data/providers/STORET/organizations/11NPSWRD_WQX/projects/GUMO0014/files,
11NPSWRD_WQX,National Park Service Water Resources Division,ARCH0009,"Colorado Plateau Potholes - ARCH, 1999-2005","The objectives of this study are to determine biological and chemical characteristics of desert pothole pools of the Colorado Plateau, mainly near Moab, UT. The aim is to capture chemical changes of the pools through time, and document the biodiversity and historical change of diatom communities. These data provide information to develop the use of pits as monitoring and reconstruction tools. Water chemistry samples were analyzed. Diatom populations were surveyed from various surfaces in the pools and a sediment core from one pool. Some diatom scientific names were updated to reflect changes in classification. Within the data, the Result Comment contains this information. Data are from Chan, M.A., K. Moser, J.M. Davis, G. Southam, K. Hughes, and T. Graham, 2005. Desert Potholes: Ephemeral Aquatic Microsystems. Aq. Geochem. 11:279-302; and, Davis, J.M., 2013. Physical, Chemical, and Biological Characteristics of Weathering Pits, Moab, Utah. Ph.D. Dissertation, Department of Geography, The University of Utah, Salt Lake City, UT. 233 pages. Data from this study are in 3 Projects: ARCH0009: Colorado Plateau Potholes - ARCH, 1999-2005; CANY0009: Colorado Plateau Potholes - CANY, 1999-2000; and, GLCA0009: Colorado Plateau Potholes - GLCA, 1999.","Targeted - A targeted sample is where a ""sample"" of the subject matter, be that people, plants/animals etc is selected using certain criteria, i.e. pregnant mothers between the ages of 25-30. Targeted samples are usually used by businesses or companies carrying out surveys on a particular group of people.",N,,https://www.waterqualitydata.us/data/providers/STORET/organizations/11NPSWRD_WQX/projects/ARCH0009/files,
11NPSWRD_WQX,National Park Service Water Resources Division,GLCA0009,"Colorado Plateau Potholes - GLCA, 1999","The objectives of this study are to determine biological and chemical characteristics of desert pothole pools of the Colorado Plateau, mainly near Moab, UT. The aim is to capture chemical changes of the pools through time, and document the biodiversity and historical change of diatom communities. These data provide information to develop the use of pits as monitoring and reconstruction tools. Water chemistry samples were analyzed. Diatom populations were surveyed from various surfaces in the pools and a sediment core from one pool. Some diatom scientific names were updated to reflect changes in classification. Within the data, the Result Comment contains this information. Data are from Chan, M.A., K. Moser, J.M. Davis, G. Southam, K. Hughes, and T. Graham, 2005. Desert Potholes: Ephemeral Aquatic Microsystems. Aq. Geochem. 11:279-302; and, Davis, J.M., 2013. Physical, Chemical, and Biological Characteristics of Weathering Pits, Moab, Utah. Ph.D. Dissertation, Department of Geography, The University of Utah, Salt Lake City, UT. 233 pages. Data from this study are in 3 Projects: ARCH0009: Colorado Plateau Potholes - ARCH, 1999-2005; CANY0009: Colorado Plateau Potholes - CANY, 1999-2000; and, GLCA0009: Colorado Plateau Potholes - GLCA, 1999.","Targeted - A targeted sample is where a ""sample"" of the subject matter, be that people, plants/animals etc is selected using certain criteria, i.e. pregnant mothers between the ages of 25-30. Targeted samples are usually used by businesses or companies carrying out surveys on a particular group of people.",N,,https://www.waterqualitydata.us/data/providers/STORET/organizations/11NPSWRD_WQX/projects/GLCA0009/files,
OREGONDEQ,State of Oregon Dept. of Environmental Quality,Pesticide Stewardship Partnerships,Pesticide Stewardship Partnerships,The purpose of Pesticide Stewardship Partnerships is to collect data for evaluating the occurrence and concentration of current use pesticides in local surface water during agricultural pesticide application periods. The data will be used to encourage voluntary improvements in pesticide application and management practices that are designed to reduce concentrations of pesticides in surface waters.,"Targeted - A targeted sample is where a ""sample"" of the subject matter, be that people, plants/animals etc is selected using certain criteria, i.e. pregnant mothers between the ages of 25-30. Targeted samples are usually used by businesses or companies carrying out surveys on a particular group of people.",Y,DEQ,,
OREGONDEQ,State of Oregon Dept. of Environmental Quality,Statewide Toxics,Statewide Toxics Monitoring,"The scope of this program is to collect reliable, long-term, multi-media information regarding the status and trends of toxic pollutants in the State. DEQ targeted multi-media monitoring for selected environmental contaminants in all of the State's basins on a rotating schedule. Factors such as human health concerns, ecological considerations, hydrologic or land use features are taken into account during the selection of monitoring locations in each basin. This program measures and tracks the following chemical classes: semi volatile organic chemicals (SVOCs), poly-chlorinated biphenyls (PCBs), poly-brominated diphenyl ethers (PBDEs), dioxins and furans, heavy metals, current-use and legacy pesticides, contaminants of emerging concern (i.e., pharmaceuticals, personal care products, and plasticizers).","Targeted - A targeted sample is where a ""sample"" of the subject matter, be that people, plants/animals etc is selected using certain criteria, i.e. pregnant mothers between the ages of 25-30. Targeted samples are usually used by businesses or companies carrying out surveys on a particular group of people.",Y,DEQ,,
OREGONDEQ,State of Oregon Dept. of Environmental Quality,Statewide Groundwater,Statewide Groundwater Monitoring,"The Groundwater Quality Protection Act is a critical component in Oregon's overall water quality protection and management strategy. The Act ensures that Oregon's groundwater is protected as a resource for all present and future beneficial uses through a strategy that uses monitoring and assessment to identify groundwater quality problems. Where problems are identified, local groundwater management committees are formed to develop local groundwater management plans, in collaboration with local and state government agencies. The purpose of this program is primarily to identify contamination and potential sources of contamination in groundwaters within the state of Oregon but outside the current Groundwater Management Areas.","Targeted - A targeted sample is where a ""sample"" of the subject matter, be that people, plants/animals etc is selected using certain criteria, i.e. pregnant mothers between the ages of 25-30. Targeted samples are usually used by businesses or companies carrying out surveys on a particular group of people.",Y,DEQ,,
OREGONDEQ,State of Oregon Dept. of Environmental Quality,Landfill,Landfill Monitoring,DEQ conducts split sampling events with permitted landfills. The number and type of sampling locations selected for splits varies from facility to facility. Field and laboratory analytical parameters are also specific for each facility. Samples are analyzed by the DEQ Laboratory and often include several non-target analytes which are not required by the facility's permit.,"Targeted - A targeted sample is where a ""sample"" of the subject matter, be that people, plants/animals etc is selected using certain criteria, i.e. pregnant mothers between the ages of 25-30. Targeted samples are usually used by businesses or companies carrying out surveys on a particular group of people.",Y,DEQ,,
OREGONDEQ,State of Oregon Dept. of Environmental Quality,Groundwater Management Areas,Groundwater Management Areas,"The Groundwater Quality Protection Act is a critical component in Oregon's overall water quality protection and management strategy. The Act ensures that Oregon's groundwater is protected as a resource for all present and future beneficial uses through a strategy that uses monitoring and assessment to identify groundwater quality problems. Where problems are identified, local groundwater management committees are formed to develop local groundwater management plans, in collaboration with local and state government agencies. The Southern Willamette Valley, Northern Malheur County, and Lower Umatilla Basin are all designated by DEQ as Groundwater Management Areas primarily due to the severity and extent of groundwater contamination.","Targeted - A targeted sample is where a ""sample"" of the subject matter, be that people, plants/animals etc is selected using certain criteria, i.e. pregnant mothers between the ages of 25-30. Targeted samples are usually used by businesses or companies carrying out surveys on a particular group of people.",Y,DEQ,,
OREGONDEQ,State of Oregon Dept. of Environmental Quality,Water Quality Response,Water Quality Response Monitoring,"The DEQ Laboratory and Environmental Assessment Program provides staff and resources to the agency and sister agencies for water quality investigations. These investigations may include fish kill sampling, enforcement cases, legal samplings, harmful algal bloom samplings, and other activities. Requests for assistance may come from internal staff conducting work under the Clean Water Act delegation, sister agencies such as the Oregon Health Authority (OHA), Oregon Department of Agriculture (ODA) or the Oregon Department of Fish and Wildlife (ODFW), federal agencies such as the Environmental Protection Agency (EPA), or local, state, or federal law enforcement.","Targeted - A targeted sample is where a ""sample"" of the subject matter, be that people, plants/animals etc is selected using certain criteria, i.e. pregnant mothers between the ages of 25-30. Targeted samples are usually used by businesses or companies carrying out surveys on a particular group of people.",Y,DEQ,,
11NPSWRD_WQX,National Park Service Water Resources Division,BAND_L1,Bandelier National Monument Level I Water Quality Inventory,"The Level 1 Water-Quality Inventory is part of a nationwide program supported by the National Park Service (NPS) Water Resources Division with the objective of developing baseline water-quality information for key water bodies at NPS units throughout the United States. This information is used to describe the current chemistry and quality of the waters and provide baseline information to monitor future trends. Key water bodies for Level 1 purposes are defined as those waters that are essential to the central cultural, historical, or natural resource management themes of the unit and (or) that provide habitats for threatened or endangered plants and animals. In 2004, the U.S. Geological Survey (USGS), in cooperation with the NPS, began studies of 13 NPS units within the Southern Colorado Plateau Inventory and Monitoring Network.

Note: None of these data appear in the USGS NWIS database as of 9/10/2009.",,Y,Unspecified,,
11NPSWRD_WQX,National Park Service Water Resources Division,BISC0016,Groundwater Characterization Biscayne National Park 2002-04,"The project 'Ground Water Characterization in Marine Areas of Biscayne National Park' started in 2002 and ended in 2004. The project investigator was Robert Halley and project personnel were Peter Swarzenski, Christopher Reich, and Don Hickey from the U.S. Geological Survey in St. Petersburg, Florida and Richard Curry the Science Coordinator from Biscayne Bay National Park. This project was funded by the USGS Coastal and Marine Program and the National Park Service. This project was designed to use both geochemistry and hydrogeology to identify whether or not ground water was migrating through coastal aquifers offshore into Biscayne Bay and nearby reef tract. The approach had two objectives. Objective one was to use water quality (geochemistry) as an identifier for water mass signature. Using geochemical tracers such as isotopes of radon and radium and cations/anions (e.g., calcium, magnesium) can help identify certain water masses. Other water quality parameters were necessary in understanding potential sources of contamination to the ecosystem. Air and surface water sources were relatively easy to investigate but ground water beneath a marine system was much more difficult to access. This project quantified water quality parameters such as nutrients (nitrogen and phosphorus species), trace elements (e.g., zinc, copper, arsenic), wastewater compounds (e.g., 17beta-estradiols, coprostanol, caffeine, surfactants), pesticides (e.g. Lindane, Endosulfan, DDT), as well as field parameters (pH, dissolved oxygen, salinity, temperature). These parameters helped characterize the ground water beneath Biscayne Bay and provided an index as to the potential threat for contaminating surface waters within Biscayne National Park. The second objective was to gain an academic understanding of the flow regime beneath Biscayne Bay and within Biscayne National Park. Groundwater flow was driven by changes in water level (potentiometric surface gradient) in the adjacent Biscayne Aquifer. Potentiometric surfaces for ground water have been investigated extensively for onshore regions of south Florida and to some extent for the coastline, but no information exists farther offshore. More info can be found at http://sofia.usgs.gov/projects/index.php?project_url=gw_biscaynenp.",,N,,,
MNPCA_AGW,Minnesota Pollution Control Agency - Ambient Groundwater,EPABEACH,Project EPABEACH (system generated),National EPA Beach Program (system generated),,,,,
11NPSWRD_WQX,National Park Service Water Resources Division,ABLI0001,Monitoring of Sinking Spring by the Kentucky DEP,"Data were collected by James Webb, Kentucky Department of Environmental Protection (KYDEP), to analyze the water quality of historic Sinking Spring.  Concerns had been raised that external land uses are threatening the physical, chemical, and biological characteristics of Sinking Spring.  Using EPA grant funding, KYDEP initiated monitoring in 1995.  Samples were analyzed by either a lab at the Kentucky Geological Survey or the KYDEP.",,N,,,
11NPSWRD_WQX,National Park Service Water Resources Division,GRCA0003,Surveys of Springs in the Colorado River Drainage - 2004-4,"The purpose of this report was to present the results of a study of the chemical characteristics of ground-water discharge along the Colorado River drainage in Arches National Park, Canyonlands National Park, Glen Canyon National Recreation Area, and Grand Canyon National Park. The specific objectives of this study were to determine baseline water quality and vegetative communities surrounding the springs.",,N,,https://www.waterqualitydata.us/data/providers/STORET/organizations/11NPSWRD_WQX/projects/GRCA0003/files,
11NPSWRD_WQX,National Park Service Water Resources Division,PEFO_L1,Petrified Forest N.P. Level I Water Quality Inventory,"The Level 1 Water-Quality Inventory is part of a nationwide program supported by the National Park Service (NPS) Water Resources Division with the objective of developing baseline water-quality information for key water bodies at NPS units throughout the United States. This information is used to describe the current chemistry and quality of the waters and provide baseline information to monitor future trends. Key water bodies for Level 1 purposes are defined as those waters that are essential to the central cultural, historical, or natural resource management themes of the unit and (or) that provide habitats for threatened or endangered plants and animals. In 2004, the U.S. Geological Survey (USGS), in cooperation with the NPS, began studies of 13 NPS units within the Southern Colorado Plateau Inventory and Monitoring Network.

Note: As of 9/10/2009 only the data from PEFO_L1_PRNA and PEFO_L1_PWELL2 appear in the USGS NWIS database.",,Y,Unspecified,,
11NPSWRD_WQX,National Park Service Water Resources Division,CACH_L1,Canyon de Chelly N.M. Level I Water Quality Inventory,"The Level 1 Water-Quality Inventory is part of a nationwide program supported by the National Park Service (NPS) Water Resources Division with the objective of developing baseline water-quality information for key water bodies at NPS units throughout the United States. This information is used to describe the current chemistry and quality of the waters and provide baseline information to monitor future trends. Key water bodies for Level 1 purposes are defined as those waters that are essential to the central cultural, historical, or natural resource management themes of the unit and (or) that provide habitats for threatened or endangered plants and animals. In 2004, the U.S. Geological Survey (USGS), in cooperation with the NPS, began studies of 13 NPS units within the Southern Colorado Plateau Inventory and Monitoring Network.

Note: As of 9/10/2009 only the data from CACH_L1_CC and CACH_L1_WELL2 appear in the USGS NWIS database.",,Y,Unspecified,,
OREGONDEQ,State of Oregon Dept. of Environmental Quality,Effluent Monitoring,Effluent Monitoring,"Effluent monitoring within DEQ includes programs created as a result of the Clean Water Act (CWA). CWA establishes the basic structure for regulating discharges of pollutants into the waters of the United States and regulating quality standards for surface waters. Effluent is wastewater that discharges out of a treatment plant, sewer, or industrial outfall into surface waters. EPA's National Pollutant Discharge Elimination System (NPDES) permit program controls discharges.","Targeted - A targeted sample is where a ""sample"" of the subject matter, be that people, plants/animals etc is selected using certain criteria, i.e. pregnant mothers between the ages of 25-30. Targeted samples are usually used by businesses or companies carrying out surveys on a particular group of people.",Y,DEQ,,
OREGONDEQ,State of Oregon Dept. of Environmental Quality,Facility Studies,Facility Studies,The DEQ Laboratory and Environmental Assessment Program collect samples and analytical data to assist in regulatory mixing zone allocations in NPDES permits and to assess existing regulatory mixing zones or mixing conditions. Mixing zones are used in discharge situations where effluent quality does not meet surface water quality standards and where state regulations allow for additional effluent mixing in the receiving water body. The study is designed to report water chemistry data to help monitor the effluent at the discharge source not to exceed Oregon's Water Quality Standards. A mixing zone is defined as a limited area in a water body where ambient concentrations may exceed acute or chronic surface water quality standards but acutely toxic conditions are prevented.,"Targeted - A targeted sample is where a ""sample"" of the subject matter, be that people, plants/animals etc is selected using certain criteria, i.e. pregnant mothers between the ages of 25-30. Targeted samples are usually used by businesses or companies carrying out surveys on a particular group of people.",Y,DEQ,,
OREGONDEQ,State of Oregon Dept. of Environmental Quality,TMDL,Total Maximum Daily Load Sampling,"The purpose of this program is to collect data for development of Total Maximum Daily Loads (TMDL). TMDL is a regulatory term from the Clean Water Act, describing a value of the maximum amount of a pollutant that a body of water can receive while still meeting water quality standards.","Targeted - A targeted sample is where a ""sample"" of the subject matter, be that people, plants/animals etc is selected using certain criteria, i.e. pregnant mothers between the ages of 25-30. Targeted samples are usually used by businesses or companies carrying out surveys on a particular group of people.",Y,DEQ,,
OREGONDEQ,State of Oregon Dept. of Environmental Quality,ODEQVolMonWQProgram,ODEQVolMonWQProgram,"The DEQ's Volunteer Monitoring Program's goal is to involve Oregonians in identifying and solving the State's water quality problems.  The program provides support including technical assistance in monitoring design, equipment use, data management and analysis.  Community Based Organizations (hereafter CBO's) participating in the program are eligible to receive high quality monitoring equipment on loan.  The purpose of the program is to improve the quality and quantity of data collected by groups around Oregon such that the data may be used locally by the CBO's and by the DEQ.",,N,,,
OREGONDEQ,State of Oregon Dept. of Environmental Quality,EMAP/REMAP/CEMAP,EMAP/REMAP/CEMAP,"The Environmental Monitoring and Assessment Program (EMAP) was a research program administered by EPA to develop the tools necessary to monitor and assess the status and trends of national ecological resources. EMAP collected field data from 1990 to 2006. EMAP's goal was to develop the scientific understanding for translating environmental monitoring data from multiple spatial and temporal scales into assessments of current ecological condition and forecasts of future risks to our natural resources.

The Regional Environmental Monitoring and Assessment Program (REMAP) uses the statistical design and indicator concepts developed by EPA's EMAP. REMAP conducts projects at smaller geographic scales and shorter periods than the national EMAP program. 

Between 1999 and 2006, DEQ's Laboratory collaborated with EPA to monitor for a range of toxic pollutants, including mercury, in Oregon's coastal and estuary waters. This Coastal Environmental Monitoring and Assessment Program (CEMAP) work involved the collection of sediment, fish tissue and water column samples in various locations. 

Monitoring of the nation's aquatic resources is now being routinely conducted by the National Aquatic Resource Surveys.","Targeted - A targeted sample is where a ""sample"" of the subject matter, be that people, plants/animals etc is selected using certain criteria, i.e. pregnant mothers between the ages of 25-30. Targeted samples are usually used by businesses or companies carrying out surveys on a particular group of people.",Y,EPA,,
OREGONDEQ,State of Oregon Dept. of Environmental Quality,Historical LASAR Data,Historical LASAR Data,This project contains general historical data from LASAR created before and up to 2003 for data that did not fall into any of the programs/projects identified in AWQMS for ODEQ.,,N,,,
11NPSWRD_WQX,National Park Service Water Resources Division,VAFO0018,"Correspondence from Ronald Sloto, USGS to Valley Forge NHP",Data are from correspondence from Ronald A. Sloto of the U.S. Geological Survey to the Resource Manager at Valley Forge National Historical Park.,,N,,,
11NPSWRD_WQX,National Park Service Water Resources Division,GLCA_L1,Glen Canyon N.R.A. Level I Water Quality Inventory,"The Level 1 Water-Quality Inventory is part of a nationwide program supported by the National Park Service (NPS) Water Resources Division with the objective of developing baseline water-quality information for key water bodies at NPS units throughout the United States. This information is used to describe the current chemistry and quality of the waters and provide baseline information to monitor future trends. Key water bodies for Level 1 purposes are defined as those waters that are essential to the central cultural, historical, or natural resource management themes of the unit and (or) that provide habitats for threatened or endangered plants and animals. In 2004, the U.S. Geological Survey (USGS), in cooperation with the NPS, began studies of 13 NPS units within the Southern Colorado Plateau Inventory and Monitoring Network.

Note: As of 9/10/2009 only the data from GLCA_L1_PRLF appear in the USGS NWIS database.",,Y,Unspecified,,
11NPSWRD_WQX,National Park Service Water Resources Division,DINO0001,"Chemical Characteristics of Springs, Seeps, and Wells","Data are from a joint National Park Service and Colorado State University monitoring effort to study the chemical characteristics of springs, seeps, and wells within Dinosaur National Monument in relation to the surrounding geology.  Data collected during 1997 were summarized in a Colorado State University Master's thesis entitled ""Water Chemistry Variation Between Lithologies in Dinosaur National Monument, Colorado"" by William Joseph Rice (1998).  The final report documenting the entire dataset (1997 and 1998) is to be released by Dr. John Stednick of Colorado State University in the fall of 1999.",,N,,,
11NPSWRD_WQX,National Park Service Water Resources Division,ELMA_L1,El Malpais National Monument Level I Water Quality Inventory,"The Level 1 Water-Quality Inventory is part of a nationwide program supported by the National Park Service (NPS) Water Resources Division with the objective of developing baseline water-quality information for key water bodies at NPS units throughout the United States. This information is used to describe the current chemistry and quality of the waters and provide baseline information to monitor future trends. Key water bodies for Level 1 purposes are defined as those waters that are essential to the central cultural, historical, or natural resource management themes of the unit and (or) that provide habitats for threatened or endangered plants and animals. In 2004, the U.S. Geological Survey (USGS), in cooperation with the NPS, began studies of 13 NPS units within the Southern Colorado Plateau Inventory and Monitoring Network.

Note: None of these data appear in the USGS NWIS database as of 9/10/2009.",,Y,Unspecified,,
11NPSWRD_WQX,National Park Service Water Resources Division,CHCU_L1,Chaco Culture N.H.P. Level I Water Quality Inventory,"The Level 1 Water-Quality Inventory is part of a nationwide program supported by the National Park Service (NPS) Water Resources Division with the objective of developing baseline water-quality information for key water bodies at NPS units throughout the United States. This information is used to describe the current chemistry and quality of the waters and provide baseline information to monitor future trends. Key water bodies for Level 1 purposes are defined as those waters that are essential to the central cultural, historical, or natural resource management themes of the unit and (or) that provide habitats for threatened or endangered plants and animals. In 2004, the U.S. Geological Survey (USGS), in cooperation with the NPS, began studies of 13 NPS units within the Southern Colorado Plateau Inventory and Monitoring Network.

Note: None of these data appear in the USGS NWIS database as of 9/10/2009.",,Y,Unspecified,,
11NPSWRD_WQX,National Park Service Water Resources Division,YUHO_L1,Yucca House N.M. Level I Water Quality Inventory,"The Level 1 Water-Quality Inventory is part of a nationwide program supported by the National Park Service (NPS) Water Resources Division with the objective of developing baseline water-quality information for key water bodies at NPS units throughout the United States. This information is used to describe the current chemistry and quality of the waters and provide baseline information to monitor future trends. Key water bodies for Level 1 purposes are defined as those waters that are essential to the central cultural, historical, or natural resource management themes of the unit and (or) that provide habitats for threatened or endangered plants and animals. In 2004, the U.S. Geological Survey (USGS), in cooperation with the NPS, began studies of 13 NPS units within the Southern Colorado Plateau Inventory and Monitoring Network.

Note: None of these data appear in the USGS NWIS database as of 9/10/2009.",,Y,Unspecified,,
11NPSWRD_WQX,National Park Service Water Resources Division,ELMO_L1,El Morro National Monument Level I Water Quality Inventory,"The Level 1 Water-Quality Inventory is part of a nationwide program supported by the National Park Service (NPS) Water Resources Division with the objective of developing baseline water-quality information for key water bodies at NPS units throughout the United States. This information is used to describe the current chemistry and quality of the waters and provide baseline information to monitor future trends. Key water bodies for Level 1 purposes are defined as those waters that are essential to the central cultural, historical, or natural resource management themes of the unit and (or) that provide habitats for threatened or endangered plants and animals. In 2004, the U.S. Geological Survey (USGS), in cooperation with the NPS, began studies of 13 NPS units within the Southern Colorado Plateau Inventory and Monitoring Network.

Note: None of these data appear in the USGS NWIS database as of 9/10/2009.",,Y,Unspecified,,
11NPSWRD_WQX,National Park Service Water Resources Division,GRCA_L1,Grand Canyon National Park Level I Water Quality Inventory,"The Level 1 Water-Quality Inventory is part of a nationwide program supported by the National Park Service (NPS) Water Resources Division with the objective of developing baseline water-quality information for key water bodies at NPS units throughout the United States. This information is used to describe the current chemistry and quality of the waters and provide baseline information to monitor future trends. Key water bodies for Level 1 purposes are defined as those waters that are essential to the central cultural, historical, or natural resource management themes of the unit and (or) that provide habitats for threatened or endangered plants and animals. In 2004, the U.S. Geological Survey (USGS), in cooperation with the NPS, began studies of 13 NPS units within the Southern Colorado Plateau Inventory and Monitoring Network.

Note: None of these data appear in the USGS NWIS database as of 9/10/2009.",,Y,Unspecified,,
11NPSWRD_WQX,National Park Service Water Resources Division,CAVE0002,Infiltration Pathways at Carlsbad Caverns NP - 1996,"Data are from a M.S. thesis by Mark Brooke for the Colorado School of Mines entitled ""Infiltration Pathways at Carlsbad Caverns National Park Determined by Hydrogeologic and Hydrochemical Characterization and Analysis"" November 1996.  ""The purpose of this study was to characterize the vadose zone hydrology of the Carlsbad Cavern hydrologic system.""",,N,,,
11NPSWRD_WQX,National Park Service Water Resources Division,RABR_L1,Rainbow Bridge N.M. Level I Water Quality Inventory,"The Level 1 Water-Quality Inventory is part of a nationwide program supported by the National Park Service (NPS) Water Resources Division with the objective of developing baseline water-quality information for key water bodies at NPS units throughout the United States. This information is used to describe the current chemistry and quality of the waters and provide baseline information to monitor future trends. Key water bodies for Level 1 purposes are defined as those waters that are essential to the central cultural, historical, or natural resource management themes of the unit and (or) that provide habitats for threatened or endangered plants and animals. In 2004, the U.S. Geological Survey (USGS), in cooperation with the NPS, began studies of 13 NPS units within the Southern Colorado Plateau Inventory and Monitoring Network.

Note: None of these data appear in the USGS NWIS database as of 9/10/2009.",,Y,Unspecified,,
11NPSWRD_WQX,National Park Service Water Resources Division,VAFO0001,Aquatic Biology Investigations Undertaken by the PA DEP,Data were collected by the Pennsylvania Department of Environmental Protection as part of ongoing aquatic biology investigations.,,N,,,
11NPSWRD_WQX,National Park Service Water Resources Division,WRST0005,Geochemical Data of Mineral Deposits Wrangell-St. Elias,"Environmental geochemical investigations were carried out between 1994 and 1997 in Wrangell-St. Elias National Park and Preserve (WRST), Alaska. The purpose of the study was to determine the extent of possible environmental hazards associated with these mineralized areas and to establish background and baseline levels for selected elements. Thus, concentrations of a large suite of trace elements were determined to assess metal loadings in the various sample media collected.",,N,,,
11NPSWRD_WQX,National Park Service Water Resources Division,MEVE_L1,Mesa Verde National Park Level I Water Quality Inventory,"The Level 1 Water-Quality Inventory is part of a nationwide program supported by the National Park Service (NPS) Water Resources Division with the objective of developing baseline water-quality information for key water bodies at NPS units throughout the United States. This information is used to describe the current chemistry and quality of the waters and provide baseline information to monitor future trends. Key water bodies for Level 1 purposes are defined as those waters that are essential to the central cultural, historical, or natural resource management themes of the unit and (or) that provide habitats for threatened or endangered plants and animals. In 2004, the U.S. Geological Survey (USGS), in cooperation with the NPS, began studies of 13 NPS units within the Southern Colorado Plateau Inventory and Monitoring Network.

Note: None of these data appear in the USGS NWIS database as of 9/10/2009.",,Y,Unspecified,,
11NPSWRD_WQX,National Park Service Water Resources Division,PETR_L1,Petroglyph National Monument Level I Water Quality Inventory,"The Level 1 Water-Quality Inventory is part of a nationwide program supported by the National Park Service (NPS) Water Resources Division with the objective of developing baseline water-quality information for key water bodies at NPS units throughout the United States. This information is used to describe the current chemistry and quality of the waters and provide baseline information to monitor future trends. Key water bodies for Level 1 purposes are defined as those waters that are essential to the central cultural, historical, or natural resource management themes of the unit and (or) that provide habitats for threatened or endangered plants and animals. In 2004, the U.S. Geological Survey (USGS), in cooperation with the NPS, began studies of 13 NPS units within the Southern Colorado Plateau Inventory and Monitoring Network.

Note: None of these data appear in the USGS NWIS database as of 9/10/2009.",,Y,Unspecified,,
11NPSWRD_WQX,National Park Service Water Resources Division,COLM_L1,Colorado N.M. Level I Water Quality Inventory,"Funded by the Servicewide Inventory and Monitoring Program, the purpose of this project is to provide a baseline water quality data set to allow more informed management decisions for the Park relative to its natural resources.

Note: Data are summarized in a USGS Administrative Report published in 2003.",,Y,Unspecified,,
11NPSWRD_WQX,National Park Service Water Resources Division,PINN_L1,Pinnacles N.M. Level I Water Quality Inventory,"To help define baseline water quality of key water resources at Pinnacles National Monument, California, the U.S. Geological Survey collected and analyzed ground water from seven springs sampled during June 2006. During the dry season, seeps and springs are the primary source of water for wildlife in the monument and provide habitat for plants, amphibians, and aquatic life. Water samples were analyzed for dissolved concentrations of major ions, trace elements, nutrients, stable isotopes of hydrogen and oxygen, and tritium. In most cases, the concentrations of measured water-quality constituents in spring samples were lower than California threshold standards for drinking water and Federal threshold standards for drinking water and aquatic life. The concentrations of dissolved arsenic in three springs were above the Federal Maximum Contaminant Level for drinking water (10 µg/L). Water-quality information for samples collected from the springs will provide a reference point for comparison of samples collected from future monitoring networks and hydrologic studies in the Pinnacles National Monument, and will help National Park Service managers assess relations between water chemistry, geology, and land use.

The attached data report summarizes the objectives, sampling plan, and sampling and analysis protocols used by the U.S. Geological Survey in conducting the level-1 baseline water-quality inventory of springs at Pinnacles National Monument. The objective of the report is to present water-quality information describing the general chemistry and isotopic composition of key water resources at the monument. The level-1 baseline water-quality inventory described in this data report focuses on perennial springs. NPS and USGS staff determined that water-quality samples should be collected from these springs and analyzed to determine the concentration of dissolved major ions, trace elements, nutrients, stable isotopes, and tritium. The National Park Service can use information in this data report to assess the current water quality of key springs and as a reference point for comparison of samples collected from future monitoring networks and hydrologic studies. The NPS can use the tritium and stable-isotope data in this report to derive some information on the recharge dates and evaporative history, respectively, of ground water in the monument. Establishing baseline water quality, ground-water age, and evaporative history of water from the springs provides information that will facilitate future study of ground-water-flow systems, stream-aquifer interaction, and wetlands. Ultimately, these data and future studies will improve the understanding of ground-water-flow systems that must be considered during the resource management decision-making process by NPS staff at Pinnacles National Monument.  The water quality of springs in the monument described in this report also is important from a critical habitat perspective. The California red-legged frog, listed as a threatened amphibian species by the Federal Government in 1996, inhabits streams in Pinnacles National Monument. This amphibian species inhabits intermittent and perennial stream reaches. The Pinnacles riffle beetle is found only in Pinnacles National Monument and surrounding area, and is ranked as an extremely endangered California endemic species in the California Natural Diversity Database. Additionally, Chalone Creek is habitat for an annelid worm that has not been identified elsewhere. The sensitivity of the amphibian, beetle, and worm species to water availability, and possibly to water chemistry, requires that the Monument establish the baseline water quality of springs that are a primary source of stream water. This report provides that baseline information.",,Y,Unspecified,,
11NPSWRD_WQX,National Park Service Water Resources Division,CANY0008,Surveys of Springs in the Colorado River Drainage - 2004-2,"The purpose of this report was to present the results of a study of the chemical characteristics of ground-water discharge along the Colorado River drainage in Arches National Park, Canyonlands National Park, Glen Canyon National Recreation Area, and Grand Canyon National Park. The specific objectives of this study were to determine baseline water quality and vegetative communities surrounding the springs.",,N,,,
11NPSWRD_WQX,National Park Service Water Resources Division,CAVE0018,Lechuguilla Cave Pool Chemistry 1988-1999,"Data are from the report ""Lechuguilla Cave Pool Chemistry, 1986-1999"" by H.J. Turin and M.A. Plummer, 2000. The purpose of this article was to gather and summarize data collected regarding the Lechuguilla Cave pool chemistry. Not all the data were collected by the authors; some provided were from printed publication and others are unpublished data provided to the authors.",,N,,,
11NPSWRD_WQX,National Park Service Water Resources Division,GLCA0008,Surveys of Springs in the Colorado River Drainage - 2004-3,"The purpose of this report was to present the results of a study of the chemical characteristics of ground-water discharge along the Colorado River drainage in Arches National Park, Canyonlands National Park, Glen Canyon National Recreation Area, and Grand Canyon National Park. The specific objectives of this study were to determine baseline water quality and vegetative communities surrounding the springs.",,N,,,
11NPSWRD_WQX,National Park Service Water Resources Division,GRCA0011,Chemical Characteristics of South Rim Ground-Water Discharge,"This Grand Canyon National Park (GRCA)/U.S. Geological Survey (USGS) joint effort presents the results of a study of the chemical characteristics of ground-water discharge along the south rim of GRCA. The specific objectives of this study were to determine baseline water quality and the residence times and flow paths of water discharging from the Redwall-Muav Limestone aquifer along the south rim of Grand Canyon. Most of the data collected from May 2000 to September 2001 were presented in a USGS publication, ?Chemical Characteristics of Ground-Water Discharge along the South Rim of Grand Canyon in Grand Canyon National Park, Arizona, 2000-2001.?  Data that appear in this project that were not included in the above USGS publication were reported directly to GRCA staff.  GRCA staff indicated that the monitoring objectives, sampling procedures, and analytical methods did not change during the 2000-2004 period.",,N,,https://www.waterqualitydata.us/data/providers/STORET/organizations/11NPSWRD_WQX/projects/GRCA0011/files,
11NPSWRD_WQX,National Park Service Water Resources Division,PISP0005,Geohydrology of Pipe Spring NM Area by USGS - 1999,"Data are from a U.S. Geological Survey Water-Resources Investigations Report 98-4263 ""Geohydrology of Pipe Spring National Monument Area, Northern Arizona"" 1999 by Margot Truini in cooperation with the National Park Service.  Chemical and isotopic compositions of ground and spring water were used to determine if a relationship exists between the springs in and around Pipe Spring National Monument and the Navajo Sandstone Aquifer.  For more information about the report, contact the U.S. Geological Survey Water Resources Division, 520 N Park Ave Suite 221, Tucson, AZ 85719-0535 Tel.(520)670-6671.",,N,,,
MDEQ_WQ_WQX,MDEQ_WQ_WQX - Montana DEQ WQPB,EFARMELLS-2019,East Fork Armells Creek 2019 Water Quality Monitoring,The goal of this monitoring project is to collect water quality data for East Fork Armells Creek.,,Y,Montana DEQ,https://www.waterqualitydata.us/data/providers/STORET/organizations/MDEQ_WQ_WQX/projects/EFARMELLS-2019/files,
NKUWATER,Northern Kentucky University,2000,LRWW 2000,,,,,,
NKUWATER,Northern Kentucky University,2003,LRWW 2003,,,,,,
CWSD,Centennial Water and Sanitation District  (Colorado),SP CURE,SP CURE Monitoring ,,,,,,
21ARIZGW,Arizona Department of Environmental Quality,WQRF,WQARF SAMPLES,,,,,,
21ARIZGW,Arizona Department of Environmental Quality,SPS,SPECIAL STUDIES,,,,,,
21SCGW,SC Dept. of Health  Control,BLKMINGO,Black Mingo,,,,,,
21SCGW,SC Dept. of Health  Control,SURFSND,Surficial Sands,,,,,,
21SCGW,SC Dept. of Health  Control,SAVSALK,Savannah Salkihatchie,,,,,,
21SCGW,SC Dept. of Health  Control,SALUEDI,Saluda Edisto,,,,,,
21SCGW,SC Dept. of Health  Control,CATSANTE,Catawba-Santee,,,,,,
21SCGW,SC Dept. of Health  Control,BROAD,Broad Basin,,,,,,
IASNAPST,Iowa Geological Survey (Iowa) Watershed Snapshots,CEDARRIV,Cedar River Watershed Snapshot,,,,,,
21ARIZGW,Arizona Department of Environmental Quality,GW,GROUNDWATER PROGRAM UNIT,,,,,,
21ARIZGW,Arizona Department of Environmental Quality,RPS,REMEDIAL PROJECTS SECTION,,,,,,
21ARIZGW,Arizona Department of Environmental Quality,NPL,National Priority List,,,,,,
21MICH,Michigan Department of Environmental Quality,MDEQCHEM,MDEQ Chem Samples,,,,,,
21ARIZ,Arizona Department of Environmental Quality,FSN,FIXED STATION NETWORK,,,,,,
SAN,Schuylkill Action Network (Pennsylvania),REEVE2,Reevesdale South Dip Tunnel Discharge,,,,,,
21SCGW,SC Dept. of Health  Control,PIEDBR,Piedmont Bedrock,,,,,,
21SCGW,SC Dept. of Health  Control,SAPROL,Piedmont Saprolite,,,,,,
21SCGW,SC Dept. of Health  Control,BLKCRK,Black Creek,,,,,,
21SCGW,SC Dept. of Health  Control,MIDDEN,Middendorf,,,,,,
21SCGW,SC Dept. of Health  Control,PEEDEE,Pee Dee,,,,,,
21SCGW,SC Dept. of Health  Control,TERTSND,Tertiary Sand,,,,,,
21SCGW,SC Dept. of Health  Control,TERTLMS,Tertiary Limestone,,,,,,
1111REG1,US EPA Region 1,NEWS001,New England Wadeable Streams Study,,,,,,
CAFRESNO,Fresno River Water Quality Monitoring (California),FR-001,Fresno River and Hensley Lake Monitoring,,,,,,